{
    "{'ngram': (1, 2), 'max_features': 5000}": 0.6916745061147695,
    "{'ngram': (1, 2), 'max_features': 10000}": 0.7001411100658513,
    "{'ngram': (1, 2), 'max_features': None}": 0.7137817497648166,
    "{'ngram': (1, 2), 'max_features': 2000}": 0.6916745061147695,
    "{'ngram': (1, 2), 'max_features': 3000}": 0.6944967074317968,
    "{'ngram': (1, 2), 'max_features': 4000}": 0.6982596425211665,
    "{'ngram': (1, 2), 'max_features': 6000}": 0.694967074317968,
    "{'ngram': (1, 2), 'max_features': 7000}": 0.6973189087488241,
    "{'ngram': (1, 2), 'max_features': 8000}": 0.6966133584195673,
    "{'ngram': (1, 2), 'max_features': 9000}": 0.6977892756349953,
    "{'ngram': (1, 2), 'max_features': 12000}": 0.7006114769520225,
    "{'ngram': (1, 2), 'max_features': 15000}": 0.7039040451552211,
    "{'ngram': (1, 2), 'max_features': 20000}": 0.7017873941674506,
    "{'ngram': (1, 2), 'max_features': 500}": 0.6594543744120414,
    "{'ngram': (1, 2), 'max_features': 1000}": 0.6777986829727187,
    "{'ngram': (1, 2), 'max_features': 1500}": 0.6803857008466604,
    "{'ngram': (1, 2), 'max_features': 2500}": 0.690733772342427
}