{
    "(256, 128, 64)": 0.6921448730009407,
    "(512, 256, 128)": 0.7043744120413923,
    "(1024, 512, 256)": 0.6916745061147695,
    "(128, 64, 32)": 0.702728127939793,
    "(64, 32, 16)": 0.7041392285983067,
    "(32, 16, 8)": 0.6956726246472248,
    "(16, 8, 4)": 0.7060206961429916,
    "(8, 4, 2)": 0.7064910630291628,
    "(256, 256, 128)": 0.6890874882408279,
    "(512, 512, 256)": 0.6930856067732831,
    "(1024, 1024, 512)": 0.6904985888993415,
    "(128, 128, 64)": 0.7017873941674506,
    "(64, 64, 32)": 0.7024929444967074,
    "(32, 32, 16)": 0.69379115710254,
    "(16, 16, 8)": 0.7034336782690499,
    "(8, 8, 4)": 0.7001411100658513,
    "(2048, 1024, 512)": 0.6879115710253998
}