{
    "{'ngram': (1, 2), 'max_features': 5000}": 0.6928504233301975,
    "{'ngram': (1, 3), 'max_features': 5000}": 0.7013170272812794,
    "{'ngram': (1, 2), 'max_features': 10000}": 0.6942615239887112,
    "{'ngram': (1, 3), 'max_features': 10000}": 0.6984948259642522,
    "{'ngram': (1, 2), 'max_features': None}": 0.7107243650047037,
    "{'ngram': (1, 3), 'max_features': None}": 0.6963781749764817,
    "{'ngram': (1, 2), 'max_features': 2000}": 0.6846190028222013,
    "{'ngram': (1, 3), 'max_features': 2000}": 0.6895578551269991,
    "{'ngram': (1, 2), 'max_features': 3000}": 0.6977892756349953,
    "{'ngram': (1, 3), 'max_features': 3000}": 0.6893226716839135,
    "{'ngram': (1, 2), 'max_features': 4000}": 0.6973189087488241,
    "{'ngram': (1, 3), 'max_features': 4000}": 0.6987300094073378,
    "{'ngram': (1, 2), 'max_features': 6000}": 0.6961429915333961,
    "{'ngram': (1, 3), 'max_features': 6000}": 0.6940263405456256,
    "{'ngram': (1, 2), 'max_features': 7000}": 0.6961429915333961,
    "{'ngram': (1, 3), 'max_features': 7000}": 0.6989651928504234,
    "{'ngram': (1, 2), 'max_features': 8000}": 0.7031984948259643,
    "{'ngram': (1, 3), 'max_features': 8000}": 0.6987300094073378,
    "{'ngram': (1, 2), 'max_features': 9000}": 0.7022577610536218,
    "{'ngram': (1, 3), 'max_features': 9000}": 0.7003762935089369,
    "{'ngram': (1, 2), 'max_features': 12000}": 0.7006114769520225,
    "{'ngram': (1, 4), 'max_features': 5000}": 0.6996707431796801,
    "{'ngram': (1, 4), 'max_features': 10000}": 0.6933207902163687,
    "{'ngram': (1, 4), 'max_features': None}": 0.6777986829727187,
    "{'ngram': (1, 4), 'max_features': 2000}": 0.6886171213546566,
    "{'ngram': (1, 4), 'max_features': 3000}": 0.6940263405456256,
    "{'ngram': (1, 4), 'max_features': 4000}": 0.6994355597365945,
    "{'ngram': (1, 4), 'max_features': 6000}": 0.7013170272812794,
    "{'ngram': (1, 4), 'max_features': 7000}": 0.6959078080903104,
    "{'ngram': (1, 4), 'max_features': 8000}": 0.6994355597365945,
    "{'ngram': (1, 4), 'max_features': 9000}": 0.6977892756349953,
    "{'ngram': (1, 4), 'max_features': 12000}": 0.6994355597365945,
    "{'ngram': (2, 5), 'max_features': 5000}": 0.6088899341486359,
    "{'ngram': (2, 5), 'max_features': 10000}": 0.6260583254938852,
    "{'ngram': (2, 5), 'max_features': None}": 0.5745531514581373,
    "{'ngram': (2, 5), 'max_features': 2000}": 0.6142991533396049,
    "{'ngram': (2, 5), 'max_features': 3000}": 0.6142991533396049,
    "{'ngram': (2, 5), 'max_features': 4000}": 0.6197083725305739,
    "{'ngram': (2, 5), 'max_features': 6000}": 0.610065851364064,
    "{'ngram': (2, 5), 'max_features': 7000}": 0.6131232361241769,
    "{'ngram': (2, 5), 'max_features': 8000}": 0.6248824082784572,
    "{'ngram': (2, 5), 'max_features': 9000}": 0.6204139228598307,
    "{'ngram': (2, 5), 'max_features': 12000}": 0.6194731890874883,
    "{'ngram': (3, 5), 'max_features': 5000}": 0.5764346190028222,
    "{'ngram': (3, 5), 'max_features': 10000}": 0.5832549388523048,
    "{'ngram': (3, 5), 'max_features': None}": 0.47671683913452495,
    "{'ngram': (3, 5), 'max_features': 2000}": 0.5456255879586077,
    "{'ngram': (3, 5), 'max_features': 3000}": 0.5576199435559737,
    "{'ngram': (3, 5), 'max_features': 4000}": 0.5757290686735654,
    "{'ngram': (3, 5), 'max_features': 6000}": 0.5809031044214488,
    "{'ngram': (3, 5), 'max_features': 7000}": 0.5778457196613358,
    "{'ngram': (3, 5), 'max_features': 8000}": 0.5825493885230479,
    "{'ngram': (3, 5), 'max_features': 9000}": 0.5792568203198495,
    "{'ngram': (3, 5), 'max_features': 12000}": 0.5846660395108184
}