,precision,recall,f1-score,support
positive,0.8530312308634416,0.7937321937321937,0.8223140495867769,1755.0
neutral,0.7041078305519898,0.6131917272219117,0.65551239916343,1789.0
negative,0.6505681818181818,0.7811256395679363,0.7098940842159649,1759.0
accuracy,0.7286441636809353,0.7286441636809353,0.7286441636809353,0.7286441636809353
macro avg,0.7359024144112043,0.7293498535073472,0.7292401776553906,5303.0
weighted avg,0.7356341977825819,0.7286441636809353,0.7287528820034042,5303.0
