,precision,recall,f1-score,support
positive,0.8620967741935484,0.7690647482014389,0.8129277566539924,1390.0
neutral,0.6212290502793296,0.7564625850340136,0.6822085889570552,1470.0
negative,0.6963993453355155,0.6113505747126436,0.6511094108645754,1392.0
accuracy,0.7130761994355598,0.7130761994355598,0.7130761994355598,0.7130761994355598
macro avg,0.7265750566027979,0.7122926359826987,0.715415252158541,4252.0
weighted avg,0.7245788120288533,0.7130761994355598,0.7147602322294002,4252.0
