,precision,recall,f1-score,support
positive,0.8483245149911817,0.8222222222222222,0.8350694444444444,1755.0
neutral,0.6829137653990359,0.7126886528787032,0.6974835886214442,1789.0
negative,0.732564841498559,0.7225696418419557,0.7275329135661134,1759.0
accuracy,0.7522157269470111,0.7522157269470111,0.7522157269470111,0.7522157269470111
macro avg,0.7546010406295922,0.7524935056476271,0.7533619822106674,5303.0
weighted avg,0.7541247984733856,0.7522157269470111,0.7529842372254493,5303.0
