,precision,recall,f1-score,support
positive,0.8426836321573163,0.8301994301994302,0.8363949483352469,1755.0
neutral,0.6907785753727222,0.69927333705981,0.695,1789.0
negative,0.7231990924560409,0.72484366117112,0.7240204429301533,1759.0
accuracy,0.7510842919102395,0.7510842919102395,0.7510842919102395,0.7510842919102395
macro avg,0.7522204333286931,0.7514388094767868,0.7518051304218001,5303.0
weighted avg,0.7518046104861524,0.7510842919102395,0.7514199685918345,5303.0
