,precision,recall,f1-score,support
positive,0.8213429256594724,0.742145178764897,0.7797381900967558,923.0
neutral,0.7037542662116041,0.7804693414080243,0.7401292175161522,1321.0
negative,0.7101449275362319,0.6621621621621622,0.6853146853146853,814.0
accuracy,0.737410071942446,0.737410071942446,0.737410071942446,0.737410071942446
macro avg,0.7450807064691028,0.7282588941116944,0.7350606976425311,3058.0
weighted avg,0.740947311008409,0.737410071942446,0.7374935250635372,3058.0
