,precision,recall,f1-score,support
positive,0.7951273532668881,0.7778981581798483,0.7864184008762322,923.0
neutral,0.7145762711864406,0.7978803936411809,0.753934191702432,1321.0
negative,0.763235294117647,0.6375921375921376,0.6947791164658634,814.0
accuracy,0.749182472204055,0.749182472204055,0.749182472204055,0.749182472204055
macro avg,0.7576463061903252,0.7377902298043889,0.7450439030148427,3058.0
weighted avg,0.7518415077548694,0.749182472204055,0.7479926265699438,3058.0
