,precision,recall,f1-score,support
positive,0.7907761529808774,0.761646803900325,0.7759381898454746,923.0
neutral,0.7279253409906676,0.7676003028009084,0.7472365512159175,1321.0
negative,0.7152061855670103,0.6818181818181818,0.6981132075471698,814.0
accuracy,0.7429692609548725,0.7429692609548725,0.7429692609548725,0.7429692609548725
macro avg,0.7446358931795185,0.737021762839805,0.7404293162028539,3058.0
weighted avg,0.7435100064426318,0.7429692609548725,0.7428236050775003,3058.0
