,precision,recall,f1-score,support
positive,0.844311377245509,0.7567084078711985,0.7981132075471699,1118.0
neutral,0.7224025974025974,0.8235657001850709,0.7696742577111559,1621.0
negative,0.7463942307692307,0.6585365853658537,0.699718309859155,943.0
accuracy,0.7609994568169474,0.7609994568169474,0.7609994568169474,0.7609994568169474
macro avg,0.7710360684724457,0.7462702311407078,0.7558352583724935,3682.0
weighted avg,0.7655634138417907,0.7609994568169474,0.7603929668616792,3682.0
