,precision,recall,f1-score,support
positive,0.7934426229508197,0.7865655471289275,0.7899891186071817,923.0
neutral,0.7244755244755244,0.7842543527630583,0.7531806615776081,1321.0
negative,0.7489481065918654,0.6560196560196561,0.6994106090373281,814.0
accuracy,0.750817527795945,0.750817527795945,0.750817527795945,0.750817527795945
macro avg,0.7556220846727365,0.7422798519705474,0.7475267964073726,3058.0
weighted avg,0.7518062353111683,0.750817527795945,0.7499777129414107,3058.0
