,precision,recall,f1-score,support
positive,0.8396946564885496,0.7871198568872988,0.8125577100646353,1118.0
neutral,0.7317339149400218,0.8278840222085133,0.7768451519536903,1621.0
negative,0.76875,0.6521739130434783,0.7056798623063684,943.0
accuracy,0.7705051602390005,0.7705051602390005,0.7705051602390005,0.7705051602390005
macro avg,0.7800595238095238,0.7557259307130968,0.7650275747748979,3682.0
weighted avg,0.7739952612905959,0.7705051602390005,0.769462689115725,3682.0
