,precision,recall,f1-score,support
positive,0.6755852842809364,0.3713235294117647,0.4792408066429419,544.0
neutral,1.0,0.05,0.09523809523809523,20.0
negative,0.7105901374292644,0.9033915724563206,0.7954751131221719,973.0
accuracy,0.7039687703318153,0.7039687703318153,0.7039687703318153,0.7039687703318153
macro avg,0.7953918072367335,0.44157170062269513,0.456651338334403,1537.0
weighted avg,0.7019665571681872,0.7039687703318153,0.6744365945259568,1537.0
