,precision,recall,f1-score,support
positive,0.6511627906976745,0.4632352941176471,0.5413533834586466,544.0
neutral,0.5,0.05,0.09090909090909091,20.0
negative,0.7334494773519163,0.8653648509763617,0.793965110796794,973.0
accuracy,0.7124268054651919,0.7124268054651919,0.7124268054651919,0.7124268054651919
macro avg,0.6282040893498636,0.45953338169800295,0.4754091950548438,1537.0
weighted avg,0.7012875078743979,0.7124268054651919,0.6954082467306221,1537.0
