,precision,recall,f1-score,support
positive,0.6182108626198083,0.5540443808160344,0.5843714609286523,1397.0
neutral,0.07142857142857142,0.002320185614849188,0.0044943820224719105,431.0
negative,0.6835180055401662,0.8486672398968186,0.757192174913694,2326.0
accuracy,0.6617717862301397,0.6617717862301397,0.6617717862301397,0.6617717862301397
macro avg,0.45771914652951534,0.46834393544256736,0.4486860059549394,4154.0
weighted avg,0.5980474651545529,0.6617717862301397,0.6209756881122448,4154.0
