,precision,recall,f1-score,support
positive,0.6372549019607843,0.5118110236220472,0.5676855895196506,1397.0
neutral,0.07142857142857142,0.002320185614849188,0.0044943820224719105,431.0
negative,0.670311464546057,0.8697334479793637,0.7571107784431138,2326.0
accuracy,0.6593644679826673,0.6593644679826673,0.6593644679826673,0.6593644679826673
macro avg,0.45966497931180417,0.46128821907208667,0.4430969166617455,4154.0
weighted avg,0.5970571205727151,0.6593644679826673,0.615318612871767,4154.0
