,precision,recall,f1-score,support
positive,0.7747572815533981,0.7592768791627021,0.766938971648246,1051.0
neutral,0.6588124410933082,0.7715231788079471,0.7107269954245043,906.0
negative,0.723175965665236,0.5616666666666666,0.6322701688555347,600.0
accuracy,0.7172467735627689,0.7172467735627689,0.7172467735627689,0.7172467735627689
macro avg,0.7189152294373141,0.6974889082124386,0.7033120453094283,2557.0
weighted avg,0.7215719804232695,0.7172467735627689,0.715421829632471,2557.0
