,precision,recall,f1-score,support
positive,0.7922606924643585,0.7402473834443387,0.765371372356124,1051.0
neutral,0.6462395543175488,0.7682119205298014,0.7019667170953101,906.0
negative,0.6686746987951807,0.555,0.6065573770491803,600.0
accuracy,0.7066875244427063,0.7066875244427063,0.7066875244427063,0.7066875244427063
macro avg,0.7023916485256959,0.68781976799138,0.6912984888335382,2557.0
weighted avg,0.7115228170781575,0.7066875244427063,0.7056400407759661,2557.0
