,precision,recall,f1-score,support
positive,0.8171487603305785,0.7526165556612749,0.7835562159484893,1051.0
neutral,0.6309931506849316,0.8134657836644592,0.7107039537126326,906.0
negative,0.7339667458432304,0.515,0.6052889324191969,600.0
accuracy,0.718420023464998,0.718420023464998,0.718420023464998,0.718420023464998
macro avg,0.7273695522862468,0.693694113108578,0.6998497006934397,2557.0
weighted avg,0.7316711729111944,0.718420023464998,0.7159126806715,2557.0
