,precision,recall,f1-score,support
positive,0.8038804404824331,0.7992700729927007,0.8015686274509803,1918.0
neutral,0.7478491065519524,0.6992574257425742,0.7227374480332587,1616.0
negative,0.6317228805834093,0.7064220183486238,0.6669874879692012,981.0
accuracy,0.7433001107419712,0.7433001107419712,0.7433001107419712,0.7433001107419712
macro avg,0.7278174758725983,0.7349831723612996,0.7304311878178135,4515.0
weighted avg,0.7464201521341276,0.7433001107419712,0.7441123076789619,4515.0
